Class,Number of Class,Date,Time
Elephant,4,13/May/2024,07:50:23
Elephant,4,13/May/2024,07:50:24
Elephant,4,13/May/2024,07:50:24
Elephant,4,13/May/2024,07:50:25
Elephant,4,13/May/2024,07:50:25
Elephant,4,13/May/2024,07:50:26
Elephant,4,13/May/2024,07:50:26
Elephant,4,13/May/2024,07:50:27
Elephant,4,13/May/2024,07:50:27
Elephant,4,13/May/2024,07:50:28
Elephant,4,13/May/2024,07:50:29
Elephant,4,13/May/2024,07:50:29
Elephant,4,13/May/2024,07:50:30
Elephant,4,13/May/2024,07:50:30
Elephant,4,13/May/2024,07:50:31
Elephant,4,13/May/2024,07:50:31
Elephant,4,13/May/2024,07:50:32
Elephant,4,13/May/2024,07:50:32
Elephant,4,13/May/2024,07:50:33
Elephant,4,13/May/2024,07:50:34
Elephant,4,13/May/2024,07:50:34
Elephant,4,13/May/2024,07:50:35
Elephant,4,13/May/2024,07:50:35
Elephant,4,13/May/2024,07:50:36
Elephant,4,13/May/2024,07:50:37
Elephant,4,13/May/2024,07:50:38
Elephant,4,13/May/2024,07:50:39
Elephant,4,13/May/2024,07:50:39
Elephant,4,13/May/2024,07:50:40
Elephant,4,13/May/2024,07:50:40
Elephant,4,13/May/2024,07:50:41
Elephant,4,13/May/2024,07:50:41
Elephant,5,13/May/2024,07:50:42
Elephant,4,13/May/2024,07:50:42
Elephant,4,13/May/2024,07:50:43
Elephant,4,13/May/2024,07:50:43
Elephant,4,13/May/2024,07:50:44
Elephant,4,13/May/2024,07:50:45
Elephant,4,13/May/2024,07:50:45
Elephant,4,13/May/2024,07:50:46
Elephant,4,13/May/2024,07:50:46
Elephant,4,13/May/2024,07:50:47
Elephant,4,13/May/2024,07:50:47
Elephant,4,13/May/2024,07:50:48
Elephant,4,13/May/2024,07:50:48
Elephant,4,13/May/2024,07:50:49
Elephant,4,13/May/2024,07:50:50
Elephant,4,13/May/2024,07:50:50
Elephant,4,13/May/2024,07:50:51
Elephant,4,13/May/2024,07:50:51
Elephant,4,13/May/2024,07:50:52
Elephant,4,13/May/2024,07:50:52
Elephant,4,13/May/2024,07:50:53
Elephant,4,13/May/2024,07:50:53
Elephant,4,13/May/2024,07:50:54
Elephant,4,13/May/2024,07:50:55
Elephant,4,13/May/2024,07:50:55
Elephant,4,13/May/2024,07:50:56
Elephant,4,13/May/2024,07:50:56
Elephant,4,13/May/2024,07:50:57
Elephant,5,13/May/2024,07:50:57
Elephant,5,13/May/2024,07:50:58
Elephant,5,13/May/2024,07:50:58
Elephant,4,13/May/2024,07:50:59
Elephant,4,13/May/2024,07:50:59
Elephant,4,13/May/2024,07:51:00
Elephant,4,13/May/2024,07:51:00
Elephant,4,13/May/2024,07:51:01
Elephant,4,13/May/2024,07:51:01
Elephant,4,13/May/2024,07:51:02
Elephant,3,13/May/2024,07:51:02
Elephant,4,13/May/2024,07:51:03
Elephant,4,13/May/2024,07:51:03
Elephant,6,13/May/2024,07:51:04
Elephant,6,13/May/2024,07:51:04
Elephant,5,13/May/2024,07:51:05
Elephant,5,13/May/2024,07:51:05
Elephant,5,13/May/2024,07:51:06
Elephant,5,13/May/2024,07:51:06
Elephant,5,13/May/2024,07:51:07
Elephant,6,13/May/2024,07:51:08
Elephant,5,13/May/2024,07:51:08
Elephant,5,13/May/2024,07:51:09
Elephant,5,13/May/2024,07:51:09
Elephant,5,13/May/2024,07:51:10
Elephant,5,13/May/2024,07:51:11
Elephant,5,13/May/2024,07:51:11
Elephant,5,13/May/2024,07:51:12
Elephant,5,13/May/2024,07:51:13
Elephant,5,13/May/2024,07:51:13
Elephant,5,13/May/2024,07:51:14
Elephant,5,13/May/2024,07:51:15
Elephant,5,13/May/2024,07:51:15
Elephant,5,13/May/2024,07:51:16
Elephant,5,13/May/2024,07:51:17
Elephant,5,13/May/2024,07:51:17
Elephant,5,13/May/2024,07:51:18
Elephant,6,13/May/2024,07:51:18
Elephant,6,13/May/2024,07:51:19
Elephant,7,13/May/2024,07:51:20
Elephant,7,13/May/2024,07:51:20
Elephant,7,13/May/2024,07:51:21
Elephant,6,13/May/2024,07:51:22
Elephant,6,13/May/2024,07:51:22
Elephant,6,13/May/2024,07:51:23
Elephant,6,13/May/2024,07:51:24
Elephant,6,13/May/2024,07:51:24
Elephant,6,13/May/2024,07:51:25
Elephant,6,13/May/2024,07:51:26
Elephant,6,13/May/2024,07:51:26
Elephant,6,13/May/2024,07:51:27
Elephant,6,13/May/2024,07:51:28
Elephant,6,13/May/2024,07:51:29
Elephant,6,13/May/2024,07:51:29
Elephant,7,13/May/2024,07:51:30
Elephant,7,13/May/2024,07:51:31
Elephant,7,13/May/2024,07:51:31
Elephant,6,13/May/2024,07:51:32
Elephant,6,13/May/2024,07:51:33
Elephant,6,13/May/2024,07:51:33
Elephant,6,13/May/2024,07:51:34
Elephant,6,13/May/2024,07:51:35
Elephant,6,13/May/2024,07:51:35
Elephant,6,13/May/2024,07:51:36
Elephant,6,13/May/2024,07:51:37
Elephant,6,13/May/2024,07:51:37
Elephant,7,13/May/2024,07:51:38
Elephant,6,13/May/2024,07:51:39
Elephant,7,13/May/2024,07:51:39
Elephant,7,13/May/2024,07:51:40
Elephant,6,13/May/2024,07:51:41
Elephant,6,13/May/2024,07:51:42
Elephant,6,13/May/2024,07:51:42
Elephant,6,13/May/2024,07:51:43
Elephant,6,13/May/2024,07:51:44
Elephant,6,13/May/2024,07:51:45
Elephant,7,13/May/2024,07:51:45
Elephant,6,13/May/2024,07:51:46
Elephant,6,13/May/2024,07:51:47
Elephant,6,13/May/2024,07:51:47
Elephant,7,13/May/2024,07:51:48
Elephant,7,13/May/2024,07:51:49
Elephant,6,13/May/2024,07:51:50
Elephant,8,13/May/2024,07:51:50
Elephant,8,13/May/2024,07:51:51
Elephant,8,13/May/2024,07:51:52
Elephant,8,13/May/2024,07:51:52
Elephant,7,13/May/2024,07:51:53
Elephant,9,13/May/2024,07:51:54
